<?xml version='1.0' encoding='UTF-8' ?>
<timeLogEntries>
  <time id="1" path="/Proyecto_Final_Galvis_D_Taborda_N/PSP0/Planning" start="@1493613027926" delta="71" interrupt="1" />
  <time id="2" path="/Proyecto_Final_Galvis_D_Taborda_N/PSP0/Planning" start="@1494102322019" delta="5" />
  <time id="3" path="/U2-L1-GalvisD/PSP0/Code" start="@1503697194480" delta="72" />
  <time id="4" path="/U2-L1-GalvisD/PSP0/Code" start="@1503703157172" delta="32" />
  <time id="5" path="/Proyecto_Final_Galvis_D_Erazo_D/PSP0/Planning" start="@1508548957388" delta="41" />
  <time id="6" path="/Proyecto_Final_Galvis_D_Erazo_D/PSP0/Code" start="@1508982458592" delta="34" />
  <time id="7" path="/Proyecto_Final_Galvis_D_Erazo_D/PSP0/Code" start="@1508985389575" delta="28" />
  <time id="8" path="/Proyecto_Final_Galvis_D_Erazo_D/PSP0/Code" start="@1508989033624" delta="44" />
  <time id="9" path="/Proyecto_Final_Galvis_D_Erazo_D/PSP0/Code" start="@1509155159392" delta="50" />
  <time id="10" path="/Proyecto_Final_Galvis_D_Erazo_D/PSP0/Code" start="@1509163800972" delta="8" />
  <time id="11" path="/Proyecto_Final_Galvis_D_Erazo_D/PSP0/Code" start="@1509164675103" delta="9" />
  <time id="12" path="/Proyecto_Final_Galvis_D_Erazo_D/PSP0/Code" start="@1509297941806" delta="26" />
  <time id="13" path="/Proyecto_Final_Galvis_D_Erazo_D/PSP0/Code" start="@1509300133266" delta="3" />
  <time id="14" path="/Proyecto_Final_Galvis_D_Erazo_D/PSP0/Code" start="@1509301174216" delta="8" />
  <time id="15" path="/Proyecto_Final_Galvis_D_Erazo_D/PSP0/Code" start="@1509302047358" delta="8" />
  <time id="16" path="/Proyecto_Final_Galvis_D_Erazo_D/PSP0/Code" start="@1509305924242" delta="16" />
  <time id="17" path="/Proyecto_Final_Galvis_D_Erazo_D/PSP0/Code" start="@1509307447793" delta="19" />
  <time id="18" path="/Proyecto_Final_Galvis_D_Erazo_D/PSP0/Code" start="@1509333922052" delta="32" />
  <time id="19" path="/Proyecto_Final_Galvis_D_Erazo_D/PSP0/Code" start="@1509422383850" delta="55" />
</timeLogEntries>
